name,artist,release_date,length,popularity
Ella Baila Sola,Eslabon Armado,2023-03-16,165671,99
un x100to,Grupo Frontera,2023-04-17,194563,99
Fast Car,Luke Combs,2023-03-24,265493,91
Boy's a Liar Pt. 2,PinkPantheress,2023-02-03,131013,95
La Bebe - Remix,Yng Lvcas,2023-03-17,234352,100
Last Night,Morgan Wallen,2023-01-31,163854,91
Last Night,Morgan Wallen,2023-03-03,163854,90
WHERE SHE GOES,Bad Bunny,2023-05-18,231704,99
Cupid - Twin Ver.,FIFTY FIFTY,2023-02-24,174253,99
Search & Rescue,Drake,2023-04-07,272112,91
All My Life (feat. J. Cole),Lil Durk,2023-05-12,223878,92
PRC,Peso Pluma,2023-01-23,184066,95
Thinkin’ Bout Me,Morgan Wallen,2023-03-03,177387,87
Stand By Me (feat. Morgan Wallen),Lil Durk,2023-05-26,219173,87
Area Codes,Kali,2023-03-17,139325,91
Daylight,David Kushner,2023-04-14,212953,98
El Azul,Junior H,2023-02-10,187225,95
You Proof,Morgan Wallen,2023-03-03,157477,87
"Peso Pluma: Bzrp Music Sessions, Vol. 55",Bizarrap,2023-06-01,188361,97
Flowers,Miley Cyrus,2023-01-13,200454,97
TQM,Fuerza Regida,2023-05-19,158965,95
"Calling (Spider-Man: Across the Spider-Verse) (Metro Boomin & Swae Lee, NAV, feat. A Boogie Wit da Hoodie)",Metro Boomin,2023-06-02,219453,93
"Annihilate (Spider-Man: Across the Spider-Verse) (Metro Boomin & Swae Lee, Lil Wayne, Offset)",Metro Boomin,2023-06-02,231746,92
Ella Baila Sola,Eslabon Armado,2023-04-28,165671,93
MATHEMATICAL DISRESPECT,Lil Mabu,2023-05-05,88304,89
El Gordo Trae El Mando,Chino Pacas,2023-01-27,112087,92
"Am I Dreaming (Metro Boomin & A$AP Rocky, Roisee)",Metro Boomin,2023-06-02,256026,92
Self Love (Spider-Man: Across the Spider-Verse) (Metro Boomin & Coi Leray),Metro Boomin,2023-06-02,189466,90
Watch This - ARIZONATEARS Pluggnb Remix,Lil Uzi Vert,2023-02-05,163139,89
Bye,Peso Pluma,2023-05-26,212976,91
Chemical,Post Malone,2023-04-14,184013,91
Favorite Song,Toosii,2023-02-17,208630,85
Dial Drunk,Noah Kahan,2023-06-09,213817,85
Ain’t That Some,Morgan Wallen,2023-03-03,158003,84
Princess Diana (with Nicki Minaj),Ice Spice,2023-04-14,172125,88
Chanel,Becky G,2023-03-30,201993,91
TQG,KAROL G,2023-02-24,197933,95
Frágil,Yahritza Y Su Esencia,2023-04-07,160517,93
Cowgirls (feat. ERNEST),Morgan Wallen,2023-03-03,181621,83
Say Yes To Heaven,Lana Del Rey,2023-05-19,209156,92
Dance The Night (From Barbie The Album),Dua Lipa,2023-05-25,176579,93
BESO,ROSALÍA,2023-03-24,194543,96
Like Crazy,Jimin,2023-03-24,212241,94
War Bout It (feat. 21 Savage),Lil Durk,2023-05-26,160202,84
Popular (with Playboi Carti & Madonna) - The Idol Vol. 1 (Music from the HBO Original Series),The Weeknd,2023-06-02,215466,91
Hits Different,Taylor Swift,2023-05-26,234466,89
Classy 101,Feid,2023-03-31,195986,96
Escapism.,RAYE,2023-02-03,272373,92
One Thing At A Time,Morgan Wallen,2023-03-03,206864,82
Fin de Semana,Oscar Maydon,2023-01-13,224920,91
Mona Lisa (Spider-Man: Across the Spider-Verse),Dominic Fike,2023-06-02,186066,88
Moonlight,Kali Uchis,2023-03-03,187723,88
Las Morras,Peso Pluma,2023-04-04,155550,90
Thought You Should Know,Morgan Wallen,2023-03-03,215571,82
Die For You - Remix,The Weeknd,2023-02-24,232857,92
Cross The Globe (feat. Juice WRLD),Lil Durk,2023-05-26,124905,83
All My Life (feat. J. Cole),Lil Durk,2023-05-26,223878,84
Take Two,BTS,2023-06-09,229953,95
Moonlight,Kali Uchis,2023-02-24,187557,90
Mourning,Post Malone,2023-05-19,147819,86
Here With Me,d4vd,2023-05-26,242484,91
AMERICA HAS A PROBLEM (feat. Kendrick Lamar),Beyoncé,2023-05-19,260962,86
Dijeron Que No La Iba Lograr,Chino Pacas,2023-03-14,113019,88
Coco Chanel,Eladio Carrion,2023-03-17,208125,93
OMG,NewJeans,2023-01-02,212253,92
Private Landing (feat. Justin Bieber & Future),Don Toliver,2023-02-24,238253,84
Memory Lane,Old Dominion,2023-01-05,172480,81
Así Lo Quiso Dios,Eslabon Armado,2023-04-28,205299,88
"All The Way Live (Spider-Man: Across the Spider-Verse) (Metro Boomin & Future, Lil Uzi Vert)",Metro Boomin,2023-06-02,245240,86
Rock and A Hard Place,Bailey Zimmerman,2023-05-12,207540,81
Never Felt So Alone,Labrinth,2023-04-07,160166,87
Hummingbird (Metro Boomin & James Blake),Metro Boomin,2023-06-02,319493,86
Go Hard,Lil Baby,2023-05-03,217610,83
fukumean,Gunna,2023-06-16,125040,84
Sunrise,Morgan Wallen,2023-03-03,182522,80
Abcdario,Eden Muñoz,2023-05-13,220650,90
Dawns (feat. Maggie Rogers),Zach Bryan,2023-01-27,290892,81
Dancin’ In The Country,Tyler Hubbard,2023-01-27,179640,80
Tennessee Orange,Megan Moroney,2023-05-05,223119,80
Attention,Doja Cat,2023-06-16,277043,86
AMARGURA,KAROL G,2023-02-24,170480,91
’98 Braves,Morgan Wallen,2023-03-03,178704,80
"Angel Pt. 1 (feat. Jimin of BTS, JVKE & Muni Long)",Fast & Furious: The Fast Saga,2023-05-17,175802,90
Snow On The Beach (feat. More Lana Del Rey),Taylor Swift,2023-05-26,229942,88
PLEBADA,El Alfa,2023-06-08,221739,85
SHAKE SUMN,DaBaby,2023-05-05,124805,81
Man Made A Bar (feat. Eric Church),Morgan Wallen,2023-03-03,191231,80
Everything I Love,Morgan Wallen,2023-03-03,187047,80
Karma (feat. Ice Spice),Taylor Swift,2023-05-26,201493,86
"Shakira: Bzrp Music Sessions, Vol. 53",Bizarrap,2023-01-11,214945,93
TRUCK BED,HARDY,2023-01-20,167534,79
Religiously,Bailey Zimmerman,2023-05-12,178723,79
El Tsurito,Junior H,2023-04-07,194518,88
The Hillbillies,Baby Keem,2023-06-05,204800,83
I Know - PR1SVX Edit,Kanii,2023-03-24,133829,85
Baby Don't Hurt Me,David Guetta,2023-04-06,140017,93
S-Class,Stray Kids,2023-06-02,195688,89
Dying Man,Morgan Wallen,2023-03-03,183466,79
In Ha Mood,Ice Spice,2023-01-06,129360,83
LOOK DON’T TOUCH (feat. cade clair),Odetari,2023-05-17,138240,84
"Home (Metro Boomin & Don Toliver, Lil Uzi Vert)",Metro Boomin,2023-06-02,195320,84
I Wrote The Book,Morgan Wallen,2023-03-03,181766,79
Peaches,Brian Tyler,2023-04-07,95440,85
Red Ruby Da Sleeze,Nicki Minaj,2023-03-03,214445,82
Never Imagined (feat. Future),Lil Durk,2023-05-26,192000,79
What It Is (Solo Version),Doechii,2023-03-17,189824,88
red (feat. Morgan Wallen),HARDY,2023-01-20,205767,79
Like Crazy,Jimin,2023-03-26,212241,89
Fall In Love,Bailey Zimmerman,2023-05-12,232058,79
Rosa Pastel,Peso Pluma,2023-04-20,204253,88
SORRY NOT SORRY,"Tyler, The Creator",2023-03-31,206049,81
Bite Me,ENHYPEN,2023-05-22,157531,89
Queencard,(G)I-DLE,2023-05-15,161240,89
Pull Up (feat. 21 Savage),Toosii,2023-06-02,133000,80
Straight and Narrow,Sam Barber,2023-04-12,199874,81
Johnny Dang (with Paul Wall & DRODi),That Mexican OT,2023-05-26,192000,78
Danger (Spider) (Offset & JID),Metro Boomin,2023-06-02,205266,83
Double Fantasy (with Future),The Weeknd,2023-04-21,268235,87
"Link Up (Metro Boomin & Don Toliver, Wizkid feat. BEAM & Toian) - Spider-Verse Remix (Spider-Man: Across the Spider-Verse )",Metro Boomin,2023-06-02,195386,85
Peaches & Eggplants (feat. 21 Savage),Young Nudy,2023-02-27,203813,79
You’re Gonna Go Far,Noah Kahan,2023-06-09,286369,79
Jaded,Miley Cyrus,2023-03-10,185933,84
El Cielo,Sky Rompiendo,2023-06-02,191320,92
Flowers,Miley Cyrus,2023-03-10,200600,91
Already Rich,Yeat,2023-05-03,145528,81
hotline (edit),Billie Eilish,2023-05-09,60719,88
Fight The Feeling,Rod Wave,2023-03-31,160714,78
MIENTRAS ME CURO DEL CORA,KAROL G,2023-02-24,164386,90
I love freaks,Lijay,2023-01-30,101198,81
LADY GAGA,Peso Pluma,2023-06-22,212878,84
Sprinter,Dave,2023-06-01,229133,94
Kill Bill (feat. Doja Cat),SZA,2023-04-14,175836,83
"Givin’ Up (Not The One) (Don Toliver & 21 Savage, 2 Chainz)",Metro Boomin,2023-06-02,234693,83
back to the moon,Gunna,2023-06-16,193333,80
LUNA,Peso Pluma,2023-06-22,163551,83
Outskirts,Sam Hunt,2023-03-10,182706,78
Di Que Si,Grupo Marca Registrada,2023-02-03,190553,85
Like Crazy (English Version),Jimin,2023-03-24,212253,87
What My World Spins Around,Jordan Davis,2023-02-17,186800,78
El Merengue,Marshmello,2023-03-03,189668,92
EL HECHIZO,Ovy On The Drums,2023-03-09,167988,85
Cupid,FIFTY FIFTY,2023-02-24,174253,88
Cupid – Twin Ver. (FIFTY FIFTY) – Sped Up Version,sped up 8282,2023-04-08,145200,87
Fell In Love,Marshmello,2023-05-05,121283,80
We Ride,Bryan Martin,2023-03-31,188482,78
Need A Favor,Jelly Roll,2023-06-02,197400,78
HAPPY,NF,2023-04-07,242691,82
Sobran Motivos,Conjunto Rienda Real,2023-02-10,185338,82
Strike (Holster),Lil Yachty,2023-04-07,148115,80
Los del Espacio,LIT killah,2023-06-01,338000,93
Pelle Coat,Lil Durk,2023-05-26,253738,78
"Angel Pt. 1 (feat. Jimin of BTS, JVKE & Muni Long)",Fast & Furious: The Fast Saga,2023-05-18,175802,85
If We Ever Broke Up,Mae Stephens,2023-02-10,142758,88
From The Start,Laufey,2023-05-11,169573,82
Call Your Mom,Noah Kahan,2023-06-09,278670,78
Put It On Da Floor Again (feat. Cardi B),Latto,2023-06-02,185748,78
Silk & Cologne (EI8HT & Offset) - Spider-Verse Remix,Metro Boomin,2023-06-02,162280,83
Miracle (with Ellie Goulding),Calvin Harris,2023-03-10,186496,93
Eyes Closed,Ed Sheeran,2023-03-24,194848,89
They Don't Love It,Jack Harlow,2023-04-28,113292,82
Oh U Went (feat. Drake),Young Thug,2023-06-23,185333,79
Mas Rica Que Ayer,Anuel AA,2023-03-02,199148,88
Next Thing You Know,Jordan Davis,2023-02-17,175226,78
VVS,Peso Pluma,2023-06-22,162676,80
My wrist (with Young Thug),Yeat,2023-05-26,190133,79
UNFORGIVEN (feat. Nile Rodgers),LE SSERAFIM,2023-05-01,182148,89
In This Darkness,Clara La San,2023-01-29,197000,80
No Complaints,Noah Kahan,2023-06-09,205432,77
Not Strong Enough,boygenius,2023-03-31,234933,79
Let The Light In (feat. Father John Misty),Lana Del Rey,2023-03-24,278126,81
Covardia,Wesley Safadão,2023-03-30,150863,86
bread & butter,Gunna,2023-06-02,226360,80
Grandson (feat. Kodak Black),Lil Durk,2023-05-26,140800,76
Looking for You,Chris Young,2023-01-13,179973,76
Jericho,Iniko,2023-04-15,158133,84
Who Told You (feat. Drake),J Hus,2023-06-08,208917,88
Little Girl Gone,CHINCHILLA,2023-04-21,188596,81
DOGTOOTH,"Tyler, The Creator",2023-03-31,161041,79
Eat Your Young,Hozier,2023-03-17,242293,76
I'm Geekin,DDG,2023-04-21,101946,78
GOOD LOYAL THOTS,Odetari,2023-03-15,102556,81
I AM,IVE,2023-04-10,183853,89
アイドル,YOASOBI,2023-04-12,213233,91
Whiskey Friends,Morgan Wallen,2023-03-03,205579,76
DOGTOOTH,"Tyler, The Creator",2023-03-27,161041,78
Acróstico,Shakira,2023-05-11,170785,92
Pretty Little Poison,Warren Zeiders,2023-03-17,218160,76
rodeo dr,Gunna,2023-06-16,176946,77
PROVENZA,KAROL G,2023-02-24,207626,86
"To Summer, From Cole - Audio Hug",Summer Walker,2023-05-19,147666,79
Pacas De Billetes,Natanael Cano,2023-05-01,188074,86
Out Of That Truck,Carrie Underwood,2023-03-10,177400,76
"Nonviolent Communication (Metro Boomin & James Blake, A$AP Rocky, 21 Savage)",Metro Boomin,2023-06-02,209533,82
"Eve, Psyche & The Bluebeard’s wife",LE SSERAFIM,2023-05-01,185538,85
Love You Anyway,Luke Combs,2023-02-10,229626,77
Quedate Conmigo,Eslabon Armado,2023-04-28,160752,80
Glue Song,beabadoobee,2023-02-14,135066,81
Waffle House,Jonas Brothers,2023-04-07,145440,82
Neon Star (Country Boy Lullaby),Morgan Wallen,2023-03-03,171495,75
Paul Revere,Noah Kahan,2023-06-09,213313,76
Love Again,The Kid LAROI,2023-01-27,146640,83
06 Gucci (feat. DaBaby & 21 Savage),Gucci Mane,2023-03-31,178950,77
I Deserve A Drink,Morgan Wallen,2023-03-03,206137,76
FLOWER,JISOO,2023-03-31,173134,85
77,Peso Pluma,2023-05-05,215745,84
SLUT ME OUT,NLE Choppa,2023-04-14,123672,78
Haegeum,Agust D,2023-04-21,168926,89
Go (Xtayalive 2),Kanii,2023-04-28,106307,80
Cool About It,boygenius,2023-03-31,180000,79
Giving Up On That,Dalton Dover,2023-02-17,211533,75
RUBICON,Peso Pluma,2023-06-22,238447,77
Me Enteré,Tiago PZK,2023-05-18,182075,87
Yandel 150,Yandel,2023-01-13,216148,90
Peaches & Eggplants (feat. 21 Savage),Young Nudy,2023-02-28,203813,76
Niña Bonita,Feid,2023-04-21,187653,90
X SI VOLVEMOS,KAROL G,2023-02-24,200120,86
Padam Padam,Kylie Minogue,2023-05-18,166266,83
CARNAL,Peso Pluma,2023-06-22,174522,77
Super,SEVENTEEN,2023-04-24,200386,88
69,Nicky Jam,2023-05-19,221935,87
Bitch Let's Do It,YoungBoy Never Broke Again,2023-05-12,185117,76
I Wish you Roses,Kali Uchis,2023-03-03,219954,78
Bury Me in Georgia - Single Edit,Kane Brown,2023-03-31,170682,75
Angels (Don’t Always Have Wings),Thomas Rhett,2023-01-20,200426,75
Born With A Beer In My Hand,Morgan Wallen,2023-03-03,188523,75
"Your Needs, My Needs",Noah Kahan,2023-06-09,207880,76
Shorty Party,Cartel De Santa,2023-03-04,265000,88
back at it,Gunna,2023-06-16,186173,76
ca$h $hit,Gunna,2023-06-16,131493,77
Hot Boy (feat. Lil Baby),Nardo Wick,2023-03-31,169893,76
Trouble,Josh Ross,2023-01-04,214798,75
Die For You (with Ariana Grande) - Remix,The Weeknd,2023-03-14,232857,88
Ocean Spray,Moneybagg Yo,2023-06-02,164776,76
Heart Racing,Kanii,2023-05-19,156106,78
GAVILÁN II,Peso Pluma,2023-06-22,225480,75
ZAPATA,Peso Pluma,2023-06-22,177652,75
Where You Are,John Summit,2023-03-03,236000,80
Summer Baby,Jonas Brothers,2023-05-12,161811,80
NUEVA VIDA,Peso Pluma,2023-06-22,190680,75
LOKERA,Rauw Alejandro,2023-01-24,197101,83
Parade on Cleveland (feat. Drake),Young Thug,2023-06-23,228266,77
Qué Onda Perdida,Grupo Firme,2023-03-30,239637,85
Set Me Free Pt.2,Jimin,2023-03-17,200929,85
LAGUNAS,Peso Pluma,2023-06-22,231246,76
SU CASA,Peso Pluma,2023-06-22,138559,75
Burn It Down,Parker McCollum,2023-05-12,233869,74
GEEKALEEK (feat. Cash Kidd),OHGEESY,2023-02-03,146285,75
Life Goes On (feat. Luke Combs),Ed Sheeran,2023-05-03,210208,79
drive ME crazy!,Lil Yachty,2023-01-27,229804,77
Die For You,Various Artists,2023-06-20,260255,7
Is There Someone Else?,Various Artists,2023-06-23,199111,4
Double Fantasy,Various Artists,2023-06-23,268235,1
Blinding Lights,Various Artists,2023-06-23,201573,3
I Feel It Coming,Various Artists,2023-06-23,269176,1
Can't Feel My Face,Various Artists,2023-06-23,213520,7
Double Fantasy,Various Artists,2023-06-23,268235,0
Less Than Zero,Various Artists,2023-06-23,211814,5
Can't Feel My Face,Various Artists,2023-06-23,213520,1
Faith,Various Artists,2023-06-23,283216,3
I Feel It Coming,Various Artists,2023-06-23,269186,2
Die For You,Various Artists,2023-06-23,260255,2
Out of Time,Various Artists,2023-06-23,214190,3
I Was Never There,Various Artists,2023-06-23,241066,4
Sacrifice,Various Artists,2023-06-23,188918,2
Die For You,Various Artists,2023-06-23,260255,0
Sacrifice,Various Artists,2023-06-23,188918,1
I Feel It Coming,Various Artists,2023-06-23,269186,11
Die For You,Various Artists,2023-06-23,260255,1
Starboy,Various Artists,2023-06-22,230461,3
Un Cigarrillo,Chencho Corleone,2023-05-04,184266,85
Big Dawg (feat. Chief Wuk),Lil Durk,2023-05-26,160975,75
Devil Don’t Know,Morgan Wallen,2023-03-03,205182,74
ROSA PASTEL,Peso Pluma,2023-06-22,204253,73
LA PEOPLE,Peso Pluma,2023-06-22,153031,74
Le Va Doler,Grupo Frontera,2023-05-25,153645,82
Love You Anyway,Luke Combs,2023-03-24,229626,76
EVIL,Melanie Martinez,2023-03-31,246294,79
77,Peso Pluma,2023-06-22,215745,73
bottom,Gunna,2023-06-16,177346,75
Watch The World Burn,Falling In Reverse,2023-01-31,203948,80
B12,Lil Durk,2023-05-26,163085,75
Embarrassed (feat. Travis Scott),Don Toliver,2023-02-28,192693,79
Single Than She Was,Morgan Wallen,2023-03-03,160347,74
Good Girl Gone Missin’,Morgan Wallen,2023-03-03,175031,74
Me + All Your Reasons,Morgan Wallen,2023-03-03,174741,74
CAREFUL,NF,2023-04-07,209500,77
labour,Paris Paloma,2023-03-23,237744,80
"Wit Da Racks (feat. 21 Savage, Travis Scott & Yak Gotti)",Young Thug,2023-06-23,226413,75
Hope That’s True,Morgan Wallen,2023-03-03,186465,74
180 (Lifestyle),Morgan Wallen,2023-03-03,189157,74
That Part,Lauren Spencer Smith,2023-05-25,174052,81
MVP (feat. G-Eazy),A Boogie Wit da Hoodie,2023-05-12,173948,77
MAÑANA SERÁ BONITO,KAROL G,2023-02-24,210986,81
Keep It Low (feat. Future),Moneybagg Yo,2023-06-02,142451,75
p angels,Gunna,2023-06-16,176160,74
VAGABUNDO,Sebastian Yatra,2023-05-12,215600,90
BYE,Peso Pluma,2023-06-22,212976,72
Florida Water (feat. Luh Tyler),Danny Towers,2023-02-10,223708,74
"One Of The Girls (with JENNIE, Lily Rose Depp)",The Weeknd,2023-06-23,244684,76
Tennessee Numbers,Morgan Wallen,2023-03-03,225127,74
Wish You The Best,Lewis Capaldi,2023-05-19,210880,85
Lucky,Elle King,2023-01-27,194426,74
Me To Me,Morgan Wallen,2023-03-03,138958,74
Pound Town 2 (feat. Nicki Minaj & Tay Keith),Sexyy Red,2023-05-26,194047,75
Lilith (feat. SUGA of BTS) (Diablo IV Anthem),Halsey,2023-06-05,180933,86
Drive You Out Of My Mind,Kassi Ashton,2023-02-24,212360,73
Creek Will Rise,Conner Smith,2023-02-24,169293,74
Nas Morales (Metro Boomin & Nas),Metro Boomin,2023-06-02,167093,79
5 Leaf Clover,Luke Combs,2023-03-24,211053,75
World on Fire,Nate Smith,2023-04-28,189986,75
In The Bible (feat. HARDY),Morgan Wallen,2023-03-03,195326,73
Where the Wild Things Are,Luke Combs,2023-03-24,239533,76
NARCISSISTIC PERSONALITY DISORDER,Odetari,2023-04-01,110510,79
The Planet,BTS,2023-05-12,178156,88
Shoong! (feat. LISA of BLACKPINK),TAEYANG,2023-04-25,205101,80
Something's Gonna Kill Me,Corey Kent,2023-04-14,183680,73
Rodeo (Remix),Lah Pat,2023-02-24,245959,79
"Sex, Drugs, Etc.",Beach Weather,2023-03-03,196784,82
Outlook,Morgan Wallen,2023-03-03,193712,73
Drinkaby,Cole Swindell,2023-01-27,182893,73
Cars Bring Me Out (feat. Future),Young Thug,2023-06-23,202933,75
TRIP TO THE HOOD,Lil Mabu,2023-02-24,106703,76
Spicy,aespa,2023-05-08,197040,85
Never Ending Song,Conan Gray,2023-05-19,155202,80
Never Again,Lil Durk,2023-05-26,139840,74
DEMBOW BÉLICO,Tito Double P,2023-06-03,126522,85
On The Radar Freestyle,Lil Mabu,2023-01-20,99000,76
Blindsided,Kelsea Ballerini,2023-02-14,170906,73
The View Between Villages - Extended,Noah Kahan,2023-06-09,292903,74
A Lesser Man,The Weeknd,2023-06-19,298616,74
Bluffin (feat. Lil Baby),Gucci Mane,2023-06-16,148302,77
300 Urus,Lil Durk,2023-05-26,204642,73
Keith Whitley,Morgan Wallen,2023-03-03,187518,73
LEFT RIGHT,XG,2023-01-25,208065,80
on the street (with J. Cole),j-hope,2023-03-03,214701,83
Peppers (feat. Tommy Genesis),Lana Del Rey,2023-03-24,248928,81
Put Em On Ice,Lil Durk,2023-05-26,123200,74
SABOR FRESA,Fuerza Regida,2023-06-22,156500,80
Unholy (feat. Kim Petras),Sam Smith,2023-01-27,156943,85
Same Side (feat. Rob49),Lil Durk,2023-05-26,153740,73
Tennessee Fan,Morgan Wallen,2023-03-03,198255,73
5 Foot 9,Tyler Hubbard,2023-01-27,189773,73
Alone (with Nicki Minaj),Kim Petras,2023-04-21,185113,81
Before Fajr,Lil Durk,2023-05-26,120128,73
Home To Another One,Madison Beer,2023-06-02,149108,78
Hellcat Kenny (feat. Lil Uzi Vert),Young Thug,2023-06-23,154466,73
La Bachata,Manuel Turizo,2023-03-17,162637,88
Want Me Dead (feat. 21 Savage),Young Thug,2023-06-23,194706,74
idk nomore,Gunna,2023-06-16,179480,74
Mountain With A View,Kelsea Ballerini,2023-02-14,177920,73
MI EXXX,Wisin,2023-04-20,194470,82
Primera Cita,Carin Leon,2023-04-20,186455,85
Sugar Rush Ride,TOMORROW X TOGETHER,2023-01-27,186570,83
The Summoning,Sleep Token,2023-05-19,395716,76
REMIX EXCLUSIVO,Feid,2023-03-17,206946,86
Last Drive Down Main,Morgan Wallen,2023-03-03,193163,73
You Got Em,Lil Durk,2023-05-26,142546,73
"Six Lines, Two Dragons, and a Messiah",$uicideboy$,2023-02-24,166420,74
F150-50,Morgan Wallen,2023-03-03,191634,73
Family (with Suzanna Son),The Weeknd,2023-06-12,183884,71
Leave Her,LUCKI,2023-04-27,137026,73
Glue Song (feat. Clairo),beabadoobee,2023-04-17,135066,78
Standing Room Only,Tim McGraw,2023-03-10,226090,73
But I Got A Beer In My Hand,Luke Bryan,2023-05-05,176426,74
A&W,Lana Del Rey,2023-03-24,433916,81
Money On The Dresser,Young Thug,2023-06-23,133000,73
Cut U Off,Joyner Lucas,2023-06-09,204387,75
Different 'Round Here,Riley Green,2023-05-11,174992,73
go crazy,Gunna,2023-06-16,173360,73
Tattoo,Loreen,2023-02-25,183374,94
TUYA,ROSALÍA,2023-06-08,154551,86
Sad Songs,Lil Durk,2023-05-26,156262,73
bread & butter,Gunna,2023-06-16,226000,73
paybach,Gunna,2023-06-16,173533,73
HOPE,NF,2023-02-16,264473,78
I Know,Kanii,2023-03-10,152593,76
Rover,KAI,2023-03-13,174506,84
Off The Court (with Polo G & Einer Bankz),SleazyWorld Go,2023-05-05,193937,74
Take Me Back,The Weeknd,2023-06-19,227645,69
"Pissy (feat. Roddy Ricch, Nardo Wick)",Gucci Mane,2023-05-05,218172,75
CAIRO,KAROL G,2023-02-24,198666,83
PRESSURE,Machine Gun Kelly,2023-05-30,259687,76
Feather,Sabrina Carpenter,2023-03-17,185552,77
Spider-Man 2099 (Miguel O'Hara),Daniel Pemberton,2023-06-02,62720,79
Wine Into Water,Morgan Wallen,2023-03-03,223968,72
The Light,Juice WRLD,2023-03-23,172218,76
GUCCI LOS PAÑOS,KAROL G,2023-02-24,186453,80
BOUNCY (K-HOT CHILLI PEPPERS),ATEEZ,2023-06-16,187310,81
LosT,Bring Me The Horizon,2023-05-04,205368,82
Halfway To Hell,Jelly Roll,2023-06-02,178440,73
Uncle M,Young Thug,2023-06-23,140000,73
Nobody's Nobody,Brothers Osborne,2023-04-07,189070,72
River,Miley Cyrus,2023-03-10,162973,82
Light On In The Kitchen,Ashley McBryde,2023-02-24,212120,72
TOPLINE (Feat. Tiger JK),Stray Kids,2023-06-02,203546,82
Always,Daniel Caesar,2023-04-07,225312,86
Francesca,Hozier,2023-05-19,270066,72
Take Me Back To Eden,Sleep Token,2023-05-19,500116,75
Mami Chula,Jhayco,2023-04-28,220600,86
Face-off,Jimin,2023-03-24,229627,81
Belt2Ass,Lil Durk,2023-05-26,159452,72
New Opp,Sha Gz,2023-03-03,94099,75
VAMPIROS,ROSALÍA,2023-03-24,176590,82
Hall of Fame,Stray Kids,2023-06-02,171026,81
Gucci Grocery Bag,Young Thug,2023-06-23,175133,72
Como Es Arriba Es Abajo,Natanael Cano,2023-03-28,165351,83
Mejor Que Yo,Anuel AA,2023-05-04,242696,83
Curtains,Ed Sheeran,2023-05-05,224803,83
Fantasy (feat. Don Toliver),Kali Uchis,2023-03-03,178274,76
THE CONTORTIONIST,Melanie Martinez,2023-03-31,200696,76
What It Is (Block Boy) (with Kodak Black),Doechii,2023-03-17,223343,82
Jealous Guy,The Weeknd,2023-06-23,209655,64
Ron Artest,Babyface Ray,2023-02-08,153392,72
born rich,Gunna,2023-06-16,172440,72
Bloody 98 (Feat. Ghostemane),$uicideboy$,2023-05-12,277338,74
Abracadabra (feat. Travis Scott),Young Thug,2023-06-23,247733,73
Never Felt So Alone,Labrinth,2023-04-28,160166,79
"Fill The Void (with Lily Rose Depp, Ramsey)",The Weeknd,2023-06-23,185751,63
wait in the truck (feat. Lainey Wilson),HARDY,2023-01-20,277659,72
No More Lies,Thundercat,2023-04-25,327217,76
Get It B4,The Weeknd,2023-06-19,262387,61
The Show,Niall Horan,2023-06-09,191207,79
Double Fantasy (with Future),The Weeknd,2023-06-12,268235,62
Dru Hill,Lil Durk,2023-05-26,175996,72
Levels,BigXthaPlug,2023-02-10,157377,71
Split,Yeat,2023-02-24,143466,75
"Angel Pt. 1 (feat. Jimin of BTS, JVKE & Muni Long)",Fast & Furious: The Fast Saga,2023-05-19,175802,79
Moment of Truth,Lil Durk,2023-05-26,179604,72
Paper Soldier,d3puu,2023-04-17,202001,76
Cowboys And Angels,Jessie Murph,2023-05-26,133973,73
Set Me Free Pt.2,Jimin,2023-03-24,200929,81
Angel (From Barbie The Album),PinkPantheress,2023-06-08,123820,77
Common Ground,Jack Harlow,2023-04-28,100424,76
NASTY - Extended Version,Russ,2023-03-31,176766,74
Uno mas Uno Igual a Zero,Abraham Vazquez,2023-03-10,159683,80
Days That End In Why,Morgan Wallen,2023-03-03,162475,72
Tormenta (feat. Bad Bunny),Gorillaz,2023-02-24,193463,83
For What It’s Worth (feat. Alana Springsteen),BRELAND,2023-02-17,176617,71
No Good,Juice WRLD,2023-05-18,252705,75
"Ring Ring (feat. Travis Scott, Don Toliver, Quavo & Ty Dolla $ign)",CHASE B,2023-05-11,186833,76
Grown Man,Marshmello,2023-03-31,106511,75
At This Point We Stuck,Lil Durk,2023-05-26,114016,72
WHARF TALK (feat. A$AP Rocky),"Tyler, The Creator",2023-03-31,204109,75
Rose Colored Lenses,Miley Cyrus,2023-03-10,223786,77
Super Bowl,Stray Kids,2023-06-02,183160,81
Dancing in the Sky,Sam Barber,2023-06-01,186635,72
Devil's Paradise,The Weeknd,2023-06-12,338187,59
turned your back,Gunna,2023-06-16,243133,71
Negro Como La Pantera,Chino Pacas,2023-02-22,129953,77
Ya Corazón,Gabito Ballesteros,2023-03-03,177666,81
That’s Not How This Works (feat. Dan + Shay),Charlie Puth,2023-03-31,165619,80
Double Fantasy (with Future),The Weeknd,2023-06-12,268235,58
Pain Talk (feat. Lil Tjay),Sleepy Hallow,2023-05-24,156821,76
Devil's Paradise,The Weeknd,2023-06-12,338187,57
Podemos Repetirlo,Don Omar,2023-05-25,211707,82
Penthouse,Kelsea Ballerini,2023-02-14,183080,73
Heaven,Niall Horan,2023-06-09,186043,80
Take Me Back,The Weeknd,2023-06-19,227645,54
Like Crazy (English Version),Jimin,2023-03-26,212253,79
Gangsta Boo (with Lil Tjay),Ice Spice,2023-01-20,159370,76
TRUSTFALL,P!nk,2023-01-27,237200,84
"Angel Pt. 2 (feat. Jimin of BTS, Charlie Puth and Muni Long / FAST X Soundtrack)",Fast & Furious: The Fast Saga,2023-06-15,176454,84
Alone,Jimin,2023-03-24,211250,80
TUS GAFITAS,KAROL G,2023-02-24,167786,80
Money On Me,Morgan Wallen,2023-03-03,175158,71
Gunsmoke Town,Kodak Black,2023-05-26,174545,73
A Lesser Man,The Weeknd,2023-06-19,298616,47
"Paris, Texas (feat. SYML)",Lana Del Rey,2023-03-24,206722,79
NO BAP,LUCKI,2023-05-30,120944,72
Lick Or Sum,GloRilla,2023-05-23,141604,72
Out On Bond,BabyTron,2023-02-24,80352,71
Get It B4,The Weeknd,2023-06-19,262387,37
Beggin',Chris Lake,2023-04-20,183397,77
PERO TÚ,KAROL G,2023-02-24,183480,82
ITEM,Stray Kids,2023-06-02,191533,80
COCO LOCO,Maluma,2023-06-08,166734,82
Save Me (with Lainey Wilson),Jelly Roll,2023-06-02,237493,72
Don't Think Jesus,Morgan Wallen,2023-03-03,225665,71
Eyes Closed,Ed Sheeran,2023-05-05,194848,83
Lottery (feat. LU KALA),Latto,2023-02-17,186761,79
First Show,Luh Tyler,2023-04-21,121237,71
Sure Thing - Sped Up,Miguel,2023-01-27,150053,83
Mad Dog,Young Thug,2023-06-23,229000,71
PAINTING PICTURES,Superstar Pride,2023-03-13,122070,75
You Don’t Want That Smoke,Bailey Zimmerman,2023-05-12,200506,72
Sleep Well,d4vd,2023-05-26,175875,80
Tinnitus (Wanna be a rock),TOMORROW X TOGETHER,2023-01-27,157261,80
i was just thinking,Gunna,2023-06-16,192093,70
4runner,Brenn!,2023-04-28,265453,78
Went Thru It,Young Thug,2023-06-23,155733,71
Damn Love,Kip Moore,2023-02-24,190666,71
Texas (feat. Maren Morris),Jessie Murph,2023-06-09,198106,73
RUNNING,NF,2023-04-07,253532,76
Classy 101,Various Artists,2023-06-23,195986,4
Niña Bonita,Various Artists,2023-06-23,187653,1
Nieve,Various Artists,2023-06-23,140586,2
Niña Bonita,Various Artists,2023-06-23,187653,1
Jonesboro,Young Thug,2023-06-23,163800,71
Niña Bonita,Various Artists,2023-06-16,187653,3
novocaine,GenriX,2023-01-13,195605,79
NYMPHOLOGY,Melanie Martinez,2023-03-31,306931,74
Querida,Various Artists,2023-06-23,216000,0
Castigo,Various Artists,2023-06-26,177280,0
Sígueme - Remix,Various Artists,2023-06-23,201813,1
VACAXIONES,Various Artists,2023-06-26,186400,0
Si Te La Encuentras Por Ahí,Various Artists,2023-06-23,191506,1
Niña Bonita,Various Artists,2023-06-23,187653,1
A veces,Various Artists,2023-06-23,191186,2
Normal,Various Artists,2023-06-23,171880,1
A veces,Various Artists,2023-06-23,191186,0
Waffle House,Jonas Brothers,2023-05-12,145440,75
PUNTO 40,Rauw Alejandro,2023-01-24,190654,80
Tronando Ligas,Grupo Firme,2023-03-21,155818,80
if looks could kill,Destroy Lonely,2023-03-03,194213,74
HOPE,NF,2023-04-07,264473,75
Di Que Sí,Grupo Marca Registrada,2023-05-12,190553,77
Therapy Session,Lil Durk,2023-05-26,87751,71
Hasta Cuando,Kali Uchis,2023-03-03,129448,74
Two Tens (feat. Anderson .Paak),Cordae,2023-01-25,152371,75
Digital Silence,Peter McPoland,2023-04-07,198026,75
Under the Sea,Alan Menken,2023-05-19,184946,76
RUNAWAY,OneRepublic,2023-05-26,143264,82
goodbye looks good on you (feat. Mitchell Tenpenny),Alana Springsteen,2023-03-24,171080,72
Bops,Coi Leray,2023-04-27,128666,73
WORTH NOTHING (feat. Oliver Tree) - Fast & Furious: Drift Tape/Phonk Vol 1,TWISTED,2023-01-26,164629,84
Calm Down (with Selena Gomez),Rema,2023-04-27,239317,83
OJOS FERRARI,KAROL G,2023-02-24,180040,77
True Blue,boygenius,2023-03-31,296333,73
Had It,Morgan Wallen,2023-03-03,199108,71
Part of Your World,Alan Menken,2023-05-19,214373,77
alright,Gunna,2023-06-16,184026,70
GATÚBELA,KAROL G,2023-02-24,208013,79
KNIGHT CRAWLER (feat. Juice WRLD),Trippie Redd,2023-01-20,177230,73
Rain,Sleep Token,2023-05-19,252158,74
Die 4 Me,Halsey,2023-02-24,215021,76
UK Rap,Dave,2023-06-04,198026,84
We Might Even Be Falling In Love (Duet) - Spotify Singles,Victoria Monét,2023-02-14,90110,76
SHOOTING STAR,XG,2023-01-25,203556,79
Everything I Love,Morgan Wallen,2023-01-31,187047,72
Por las Noches - Remix,Peso Pluma,2023-02-27,222551,82
I'm Not Human,XXXTENTACION,2023-06-18,195853,73
SET ME FREE,TWICE,2023-03-10,181680,80
Chorei na Vaquejada,Eric Land,2023-05-05,157170,78
Creepin',Various Artists,2023-06-25,221520,0
Creepin',Various Artists,2023-06-24,221520,2
Spinnin,Connor Price,2023-01-27,110938,77
XTAYALIVE,jnhygs,2023-02-22,126897,76
$20,boygenius,2023-03-31,200093,73
WATATI (feat. Aldo Ranks) [From Barbie The Album],KAROL G,2023-06-01,166882,81
Me On You,Muscadine Bloodline,2023-02-24,167266,72
WANDA,Quevedo,2023-01-20,160909,87
PANTIES Y BRASIERES,Rauw Alejandro,2023-01-26,197383,80
Rhyme Dust,MK,2023-02-24,181364,71
Ascensionism,Sleep Token,2023-05-19,428713,74
Let U Go,lucidbeatz,2023-01-08,128004,77
BESTIES,KAROL G,2023-02-24,162146,78
The Feels,Labrinth,2023-04-28,197465,77
Portrait of a Blank Slate,Lovejoy,2023-05-12,227546,76
If We Were Vampires (feat. Wesley Schultz) - Spotify Singles,Noah Kahan,2023-05-10,217873,71
I Can't Lie (with Kodak Black),French Montana,2023-06-02,186453,73
Self Destruction Mode,The Chainsmokers,2023-06-02,147836,76
UNAVAILABLE (feat. Musa Keys),Davido,2023-03-30,169911,83
ID,Young Miko,2023-06-02,235525,81
Ant Pile,Dominic Fike,2023-05-26,126233,73
Glo’d Up,Juice WRLD,2023-05-18,150564,74
Hot Razor,$uicideboy$,2023-05-05,199101,72
Big Shot Cream Soda,$uicideboy$,2023-02-15,195600,72
Whole Lotta Grey,$uicideboy$,2023-02-24,186093,71
Northern Attitude,Noah Kahan,2023-06-09,267256,71
Need Me,Lil Tecca,2023-05-11,138946,75
"Rauw Alejandro: Bzrp Music Sessions, Vol. 56",Bizarrap,2023-06-21,191254,85
X SI VOLVEMOS,KAROL G,2023-02-03,203360,83
Stick Season,Noah Kahan,2023-06-09,182346,72
Blackout,Joyner Lucas,2023-04-07,196569,73
The Alcott (feat. Taylor Swift),The National,2023-04-28,267773,76
"Part of Your World - From ""The Little Mermaid""",Halle,2023-04-26,214373,78
Kill Bill - Sped Up Version,SZA,2023-01-13,137528,80
"Soweto (with Don Toliver, Rema & Tempoe)",Victony,2023-03-22,219500,83
Hoodie (feat. BSlime & Lil Gotit),Young Thug,2023-06-23,215600,69
All My Love,Noah Kahan,2023-06-09,251510,71
CRYSTALS,PR1SVX,2023-03-18,68250,76
Esta Vida,Marshmello,2023-04-13,209135,83
Lost,Linkin Park,2023-02-10,199342,81
GONE,NF,2023-04-07,246118,74
¿Qué Se Te Quitó?,Fuerza Regida,2023-03-31,87142,74
This Town's Been Too Good To Us,Dylan Scott,2023-06-02,191626,70
Granite,Sleep Token,2023-05-19,225426,73
She Calls Me Back,Noah Kahan,2023-06-09,243815,71
RON COLA,Rauw Alejandro,2023-01-24,186722,80
Corazón Roto - Remix,Brray,2023-04-07,275040,83
Emily I'm Sorry,boygenius,2023-03-31,214866,73
AmEN! (feat. Lil Uzi Vert and Daryl Palumbo of Glassjaw),Bring Me The Horizon,2023-06-01,189552,78
Doble Vaso,VGLY,2023-05-25,161494,82
You Found Yours,Luke Combs,2023-03-24,191986,72
Denver,Jack Harlow,2023-04-28,158237,74
PORSCHE TOPLESS,Kid Cudi,2023-06-02,170440,72
Lisa,Young Miko,2023-03-03,159306,84
Princesa,Grupo Marca Registrada,2023-04-28,151486,75
Pound Town (and Tay Keith),Sexyy Red,2023-01-27,129429,70
Always Been You,Jessie Murph,2023-02-10,131824,74
Eat Your Man (with Nelly Furtado),Dom Dolla,2023-06-02,197164,78
Perfume,NCT DOJAEJUNG,2023-04-17,167626,80
Dig,Ian Munsick,2023-04-07,225053,70
"Self Medication (feat. Seth MacFarlane, Redman, & Statik Selektah)",Logic,2023-02-24,315102,72
Take It Off,FISHER,2023-04-21,194604,74
I Should Have Married You,Old Dominion,2023-04-21,163533,70
5 Leaf Clover,Luke Combs,2023-03-17,211053,72
Lust For Life,Various Artists,2023-06-23,264011,2
Summertime Sadness,Various Artists,2023-06-23,263973,5
Snow Angel,Reneé Rapp,2023-06-09,215448,73
AGUARDIENTE,Myke Towers,2023-03-23,167175,80
Video Games,Various Artists,2023-06-23,281946,14
Mariners Apartment Complex,Various Artists,2023-06-23,246420,1
Summertime Sadness,Various Artists,2023-06-23,263973,4
Summertime Sadness,Various Artists,2023-06-23,263973,0
If You Lie Down With Me,Various Artists,2023-06-23,265186,0
The Scuttlebutt,Alan Menken,2023-05-19,121813,73
I'm Geekin (feat. Luh Tyler),DDG,2023-05-19,172035,70
Whiskey On You,Nate Smith,2023-04-28,183786,71
What's That?,Joyner Lucas,2023-05-09,207546,72
Chase Her,Bailey Zimmerman,2023-05-12,198904,70
No morë talk,Yeat,2023-02-24,238506,73
Crying On The Dancefloor,Sam Feldt,2023-03-17,173008,82
Global Access (feat. Nate Ruess),Young Thug,2023-06-23,148533,68
Dame Un Chance (La Cumbia Bélica),Luis R Conriquez,2023-03-16,180946,77
Sober Me Up,LECADE,2023-01-27,147382,70
Wild as Her,Corey Kent,2023-06-02,201066,70
Wild Uncharted Waters,Alan Menken,2023-05-19,179973,74
Special (feat. SZA),Lizzo,2023-02-09,174748,76
Provolone & Heroin (Feat. Freddie Dredd),$uicideboy$,2023-05-19,236032,72
DE CAROLINA,Rauw Alejandro,2023-01-24,181621,78
Doomsday (with Juice WRLD & Cordae),Lyrical Lemonade,2023-06-23,150967,74
MOTTO,NF,2023-04-07,217271,74
Sleep on My Side,Megan Moroney,2023-05-05,188931,70
How it go,Yeat,2023-02-24,184426,73
3AM on Glenwood,Various Artists,2023-06-25,178328,0
Hold On Tight,aespa,2023-03-30,149718,80
Ni Me Debes Ni Te Debo,Carin Leon,2023-05-19,169895,83
MILK OF THE SIREN,Melanie Martinez,2023-04-05,265463,73
Munch (Feelin’ U),Ice Spice,2023-01-20,104160,74
De Lunes A Viernes,Angel Ureta,2023-04-12,153443,74
Realism VS Idealism,$uicideboy$,2023-05-05,158843,71
Attention,Doja Cat,2023-06-15,277043,71
CUFF IT - WETTER REMIX,Beyoncé,2023-02-08,249406,74
Collision,Stray Kids,2023-06-02,157626,78
This Is,Ella Mai,2023-02-02,206429,72
Celestial,Various Artists,2023-06-26,209026,0
Celestial,Various Artists,2023-06-26,209026,0
Happier - Tiësto's AFTR:HRS Remix,Various Artists,2023-06-26,216000,0
2step,Various Artists,2023-06-26,153626,0
Perfect,Various Artists,2023-06-26,263400,0
Photograph,Various Artists,2023-06-26,258986,0
Celestial,Various Artists,2023-06-26,209026,0
MISTAKE,NF,2023-04-07,215186,74
GET LIT,Stray Kids,2023-06-02,171000,79
Lay Low,Tiësto,2023-01-06,153442,87
Chokehold,Sleep Token,2023-05-19,304023,73
Arranca (feat. Omega),Becky G,2023-03-10,166529,85
Sundown,Nic D,2023-04-14,129005,71
Hero,Alan Walker,2023-05-04,175271,81
WHAT THE HELL ARE WE DYING FOR ?,Shawn Mendes,2023-06-09,229565,77
New Perspective,Noah Kahan,2023-06-09,256871,70
Growin' Up and Gettin' Old,Luke Combs,2023-03-24,233666,72
Photograph,Various Artists,2023-06-16,258986,9
Shivers,Various Artists,2023-06-16,207853,3
Photograph,Various Artists,2023-06-16,258986,6
Shivers,Various Artists,2023-06-16,207853,4
I Don’t Care - Acoustic,Various Artists,2023-06-23,238220,1
Celestial,Various Artists,2023-06-23,209026,0
Shape of You,Various Artists,2023-06-23,233712,0
Bad Habits,Various Artists,2023-06-23,230746,0
Perfect,Various Artists,2023-06-23,263400,0
Photograph,Various Artists,2023-06-26,258986,0
Bad Habits,Various Artists,2023-06-23,230746,0
Photograph,Various Artists,2023-06-23,258986,1
Shivers,Various Artists,2023-06-23,207853,0
Celestial,Various Artists,2023-06-16,209026,1
Bad Habits,Various Artists,2023-06-23,230746,0
Shivers,Various Artists,2023-06-23,207853,0
Shape of You,Various Artists,2023-06-23,233712,0
Perfect,Various Artists,2023-06-23,263400,0
Perfect,Various Artists,2023-06-16,263400,0
Perfect,Various Artists,2023-06-23,263400,0
Thinking Out Loud,Various Artists,2023-06-26,281560,0
Bad Habits,Various Artists,2023-06-23,230746,0
Perfect,Various Artists,2023-06-23,263400,0
Shivers,Various Artists,2023-06-23,207853,0
Castle on the Hill,Various Artists,2023-06-23,261153,1
Perfect,Various Artists,2023-06-23,263400,0
The Joker and the Queen,Various Artists,2023-06-16,185586,1
Overpass Graffiti,Various Artists,2023-06-23,236906,2
The Joker and the Queen,Various Artists,2023-06-23,185586,0
Perfect,Various Artists,2023-06-23,263400,0
Bad Habits,Various Artists,2023-06-23,230746,0
Fuck The Industry Pt. 2,YoungBoy Never Broke Again,2023-05-12,187345,70
I'm Not Here To Make Friends,Sam Smith,2023-01-27,229604,81
Você Não Tem Saudade,Taty Girl,2023-06-08,162474,75
DLC,Stray Kids,2023-06-02,186000,79
AIN'T GONNA ANSWER,NLE Choppa,2023-03-23,187453,70
Forget Me,Lewis Capaldi,2023-05-19,203666,82
Interlude : Dive,Jimin,2023-03-24,130996,77
4 Morant (Better Luck Next Time),Com Truise,2023-03-31,171000,75
Greatness,Quavo,2023-02-24,185000,73
Mother,Meghan Trainor,2023-03-10,147481,78
Kiss the Girl,Alan Menken,2023-05-19,196586,74
M.L.P,Grupo Clasificado,2023-03-10,211961,79
No Pole,Don Toliver,2023-02-28,187613,72
CCC,Michelle Maciel,2023-05-04,126081,82
Fact (feat. Lil Uzi Vert),Ghostluvme,2023-02-07,174373,71
A2Z,BabyTron,2023-02-24,160600,68
CRYSTALS (Slowed),PR1SVX,2023-03-18,75833,77
This Is Why,Paramore,2023-02-10,206700,74
How Could You,Jessie Murph,2023-02-10,187813,74
Por el Resto de Tu Vida,Christian Nodal,2023-01-27,197476,81
Meltdown,Niall Horan,2023-06-09,153037,77
VOID,Melanie Martinez,2023-03-29,247873,73
Rara Vez,Taiu,2023-02-08,128677,91
Texas,BigXthaPlug,2023-02-10,146133,68
"Everywhere, Everything",Noah Kahan,2023-06-09,257668,70
Church,Jelly Roll,2023-06-02,220013,69
World Class Sinner / I’m A Freak,The Weeknd,2023-06-09,199280,79
20191009 I Like Her,Mac DeMarco,2023-04-21,136888,73
Motion God,Moneybagg Yo,2023-06-02,142437,70
Orange Juice,Noah Kahan,2023-06-09,297103,70
Sossaup,KAYTRAMINÉ,2023-05-19,156000,73
Champagne Shit,Janelle Monáe,2023-06-09,143200,71
how u feel?,Destroy Lonely,2023-05-05,233794,72
Fly Girl (feat. Missy Elliott),FLO,2023-03-23,205384,76
PLUTO,Melanie Martinez,2023-04-05,181496,72
The Apparition,Sleep Token,2023-05-19,268159,72
I Wish you Roses,Kali Uchis,2023-01-19,225947,71
I'm Geekin - Slowed Down,DDG,2023-04-18,114690,72
Honey Bun,Quavo,2023-03-31,134666,71
Come Over,Noah Kahan,2023-06-09,197821,70
TUNNEL VISION,Melanie Martinez,2023-03-31,284770,73
BEACHY,Daddy Yankee,2023-06-01,168000,80
RATATA,Skrillex,2023-02-17,126774,75
MONTAGEM - PR FUNK,S3BZS,2023-05-01,61673,84
Took My Breath Away (feat. Skye Morales),Trippie Redd,2023-06-16,180133,70
VOID,Melanie Martinez,2023-03-31,247873,73
Eyes Wide Shut,ILLENIUM,2023-04-28,152331,74
"BOYFRIEND, GIRLFRIEND (2020 Demo) (feat. YG)","Tyler, The Creator",2023-03-31,204364,71
Por Clave Caiman,Tomas Ballardo,2023-02-17,158626,76
All I Need Is You,Chris Janson,2023-01-27,162344,69
SOLD OUT,HARDY,2023-01-20,202912,69
Where It Ends,Bailey Zimmerman,2023-05-12,179294,69
Bossier City Kidnap Victims,$uicideboy$,2023-05-26,163500,71
Bills,ENHYPEN,2023-05-22,175752,79
4EVA (feat. Pharrell Williams),Aminé,2023-04-07,190373,74
PANDEMONIUM,NF,2023-04-07,197006,72
Fighting Myself,Linkin Park,2023-04-07,201428,77
MOONLIGHT SUNRISE,TWICE,2023-01-20,180320,77
Pass The Nirvana,Pierce The Veil,2023-02-10,197373,70
Mrs. Hollywood,Go-Jo,2023-03-20,143840,76
This Is How It Feels (with Laufey),d4vd,2023-05-26,284305,73
FNF,Stray Kids,2023-06-02,171680,78
Running Out Of Time,Paramore,2023-02-10,192440,73
Yankee 150,Yandel,2023-06-16,242667,82
FreakyT (feat. Latto) - Remix,TiaCorine,2023-04-21,149384,69
VULGAR (with Madonna),Sam Smith,2023-06-09,155258,79
Collide (feat. Tyga),Justine Skye,2023-01-31,260169,78
(It Goes Like) Nanana - Edit,Peggy Gou,2023-06-15,231545,83
Growing Sideways,Noah Kahan,2023-06-09,255143,70
People (feat. Ayra Starr & Omah Lay),Libianca,2023-03-31,184633,80
Favorite Song (feat. Future) [Toxic Version],Toosii,2023-05-19,208621,71
Tú Y Tú,Los Ángeles Azules,2023-03-10,216666,67
Dancing In The Courthouse,Dominic Fike,2023-04-14,157563,72
22,JayO,2023-02-22,142120,78
STUNTMAN (feat. Vince Staples),"Tyler, The Creator",2023-03-31,199742,70
(What A) Wonderful World,Sam Cooke,2023-02-10,127186,68
5 'N the Mornin',$uicideboy$,2023-05-12,266078,70
Si La Calle Llama - Remix,Eladio Carrion,2023-03-17,240000,86
Blame Brett,The Beaches,2023-05-05,176005,72
JACK,HARDY,2023-01-20,168630,68
WATATI [From Barbie The Album],Various Artists,2023-06-26,166882,0
TQG,Various Artists,2023-06-23,198360,1
OJOS FERRARI,Various Artists,2023-06-23,180466,2
AMARGURA,Various Artists,2023-06-23,170906,6
"Tera Yaar Hoon Main (From ""Sonu Ke Titu Ki Sweety"")",Various Artists,2023-06-21,264805,1
"Khairiyat (From ""Chhichhore"")",Various Artists,2023-06-21,280281,1
"Sun Bhi Le (From ""Ittu Si Baat"") - Jhankar Beats",Various Artists,2023-06-20,176673,1
Warzone,Bailey Zimmerman,2023-05-12,204179,68
Youtiful,Stray Kids,2023-06-02,209280,78
FANTASMA | AVC,Tainy,2023-06-01,285074,79
DEATH,Melanie Martinez,2023-03-30,306655,73
RICH SCHOLAR,Lil Mabu,2023-06-16,118923,72
No Time Wasted (feat. Future),Polo G,2023-02-17,179533,71
Wolves Cry,Bryan Martin,2023-03-31,163871,69
GATÚBELA,Various Artists,2023-06-15,208013,4
GATÚBELA,Various Artists,2023-06-26,208013,0
BICHOTA,Various Artists,2023-06-23,178946,0
TQG,Various Artists,2023-06-26,198360,0
PROVENZA,Various Artists,2023-06-26,207626,0
Mi Cama,Various Artists,2023-06-14,151400,3
Love With A Quality,Various Artists,2023-06-26,223760,0
Love With A Quality,Various Artists,2023-06-26,223760,0
TQG,Various Artists,2023-06-27,198360,0
SEJODIOTO,Various Artists,2023-06-26,181106,0
GATÚBELA,Various Artists,2023-06-26,208013,0
Rebuke,KAYTRAMINÉ,2023-05-19,118436,73
PUNTO G,Quevedo,2023-01-20,151324,86
Did you know that there's a tunnel under Ocean Blvd,Lana Del Rey,2023-03-24,285050,77
Cupido,TINI,2023-02-14,174369,86
Get to Gettin’ Gone,Bailey Zimmerman,2023-05-12,182465,69
KÁRMIKA,KAROL G,2023-02-24,236586,79
Aqua Regia,Sleep Token,2023-05-19,236020,71
Homesick,Noah Kahan,2023-06-09,194416,69
ICKY,KARD,2023-05-23,179240,76
CAROLINA,KAROL G,2023-02-24,162093,79
money & sex - bonus,Destroy Lonely,2023-05-05,272364,70
Try That In A Small Town,Jason Aldean,2023-05-19,180033,68
Thousand Miles (feat. Brandi Carlile),Miley Cyrus,2023-03-10,231000,74
NO BAD DAYS (feat. Collett),Macklemore,2023-03-03,173453,74
La Receta,Tego Calderón,2023-04-28,175733,78
Endlessly,Kali Uchis,2023-03-03,155406,72
POLARIS - Remix,Saiko,2023-06-08,288000,87
Pray,Jessie Murph,2023-02-10,146266,77
MONEY ON THE DASH,Elley Duhé,2023-01-20,145666,78
Giving Me,Jazzy,2023-03-10,169000,84
Corralling the Blues,Colter Wall,2023-06-01,147666,68
Sacrifice (Eat Me Up),ENHYPEN,2023-05-22,202488,79
RÁPIDO,Mora,2023-04-27,182857,82
Put It On Da Floor,Latto,2023-04-21,181437,69
West Coast Weekend,Tyga,2023-06-08,199626,71
For the First Time,Alan Menken,2023-05-19,248066,72
Rolls-Royce,Casper Magico,2023-06-08,205901,71
BABY HELLO,Rauw Alejandro,2023-06-23,222461,78
Mazel Tron,BLP KOSHER,2023-03-31,208000,69
Dance With You,Brett Young,2023-04-14,183542,69
Look At Us Now (Honeycomb),Daisy Jones & The Six,2023-03-02,332386,73
Zero,NewJeans,2023-04-03,154194,77
Tucson Too Late,Jordan Davis,2023-02-17,172853,68
if looks could kill,Destroy Lonely,2023-05-05,194213,71
Ghost,Various Artists,2023-06-23,153190,4
Friends,Various Artists,2023-06-23,189466,2
Honest,Various Artists,2023-06-23,193322,1
As Long As You Love Me,Various Artists,2023-06-23,229866,2
Company,Various Artists,2023-06-23,208413,12
Mistletoe,Various Artists,2023-06-19,183066,1
What Do You Mean?,Various Artists,2023-06-23,208542,2
Off My Face,Various Artists,2023-06-23,156467,3
Unstable,Various Artists,2023-06-23,158324,1
Mistletoe,Various Artists,2023-06-19,183066,0
Get Me,Various Artists,2023-06-23,185418,0
Confident - Single Version,Various Artists,2023-06-23,248760,1
Deserve You,Various Artists,2023-06-23,187238,0
Mistletoe,Various Artists,2023-06-19,183066,1
Boyfriend,Various Artists,2023-06-23,173360,0
Boyfriend,Various Artists,2023-06-23,173360,1
Never Say Never - Single Version,Various Artists,2023-06-23,227960,2
Sorry,Various Artists,2023-06-23,200786,1
One Time,Various Artists,2023-06-23,215586,1
Strawberry Wine,Noah Kahan,2023-06-09,285913,69
Call Me What You Like,Lovejoy,2023-02-10,226960,73
You and I,d4vd,2023-05-26,152551,72
I like u,Tove Lo,2023-05-31,190902,75
Charm,Rema,2023-04-27,204750,81
Yo Preferí Chambear,Chino Pacas,2023-06-09,155245,74
Promise,Laufey,2023-06-14,234266,73
Sorry,Various Artists,2023-06-22,200786,1
What Do You Mean?,Various Artists,2023-06-23,208542,1
Love Yourself,Various Artists,2023-06-23,232626,0
Ghost,Various Artists,2023-06-23,153190,0
Fa La La,Various Artists,2023-06-15,185560,2
Baby,Various Artists,2023-06-23,216613,2
Anyone,Various Artists,2023-06-23,190779,0
Nothing Like Us,Various Artists,2023-06-23,199800,1
Fa La La,Various Artists,2023-06-20,185560,1
Lonely,Various Artists,2023-06-23,149189,1
Boyfriend,Various Artists,2023-06-22,173360,1
Baby,Various Artists,2023-06-23,216613,0
Lonely,ヴァリアス・アーティスト,2023-06-26,149189,0
Love Yourself,ヴァリアス・アーティスト,2023-06-26,232626,0
Boyfriend,Various Artists,2023-06-23,173360,0
Off My Face,ヴァリアス・アーティスト,2023-06-26,156467,0
BABY SAID,Måneskin,2023-01-20,164682,82
My Stupid Heart,Walk off the Earth,2023-01-27,160866,79
Quien Es El?,Eslabon Armado,2023-04-28,230443,71
Worth the Wait (feat. Omar Apollo),Kali Uchis,2023-03-03,150699,71
SunKissing,Hailee Steinfeld,2023-03-24,177253,73
Hold On,Various Artists,2023-06-23,170813,4
Beautiful Love - Free Fire,Various Artists,2023-06-16,207837,4
Château Gris,$uicideboy$,2023-05-05,203162,69
Na Na Na,Lay Bankz,2023-04-26,100122,71
Wish I Could Forget (with blackbear & Bring Me The Horizon),SLANDER,2023-05-19,206000,73
She,Jelly Roll,2023-06-02,173933,68
I Cannot Be (A Sadder Song),Various Artists,2023-06-23,169824,1
Cooped Up,Various Artists,2023-06-23,185857,1
Juice II,Logic,2023-05-26,111345,70
Cooped Up,Various Artists,2023-06-25,185857,0
Thirsty,aespa,2023-05-08,193413,77
Let's Love,Various Artists,2023-06-26,200645,0
Crazy What Love Can Do,Various Artists,2023-06-26,169756,0
I’m Good (Blue),Various Artists,2023-06-26,175238,0
Let It Be Me,Various Artists,2023-06-26,172933,0
Baby Don't Hurt Me,Various Artists,2023-06-26,140017,0
I’m Good (Blue),Various Artists,2023-06-26,175238,0
I’m Good (Blue),Various Artists,2023-06-26,175238,0
Chromosomes,Key Glock,2023-02-24,151080,68
Summer Too Hot,Chris Brown,2023-06-23,188504,68
King Snipe,Gucci Mane,2023-01-13,214593,69
SMOKE IT OFF!,Lumi Athena,2023-04-30,117528,75
Double Fantasy (with Future) - Radio Edit,The Weeknd,2023-04-21,235966,73
Aruarian Dance,H1gh,2023-04-14,274572,76
"Arcángel: Bzrp Music Sessions, Vol. 54",Bizarrap,2023-03-22,223019,83
The Star Room (OG Version) - Bonus Track,Mac Miller,2023-06-23,264217,63
F My BM,Moneybagg Yo,2023-06-02,182857,68
I’m Good (Blue),Various Artists,2023-06-23,175238,2
I’m Good (Blue),Various Artists,2023-06-16,175238,3
Crazy What Love Can Do,Various Artists,2023-06-16,169756,7
I’m Good (Blue),Various Artists,2023-06-15,175238,3
I’m Good (Blue),Various Artists,2023-06-16,175238,0
I’m Good (Blue),Various Artists,2023-06-23,175238,0
Crazy What Love Can Do,Various Artists,2023-06-16,169756,1
I’m Good (Blue),Various Artists,2023-06-23,175238,0
I’m Good (Blue),Various Artists,2023-06-16,175238,0
Sexy Bitch,Various Artists,2023-06-23,195853,0
Crazy What Love Can Do,Various Artists,2023-06-23,169756,0
Crazy What Love Can Do,Various Artists,2023-06-16,169756,0
Where Them Girls At,Various Artists,2023-06-23,194840,0
Let's Love,Various Artists,2023-06-23,200645,0
I’m Good (Blue),Various Artists,2023-06-23,175238,0
Crazy What Love Can Do,Various Artists,2023-06-16,169756,2
I’m Good (Blue),Various Artists,2023-06-16,175238,2
I Wanna Go Crazy,Various Artists,2023-06-23,204506,0
Crazy What Love Can Do,Various Artists,2023-06-23,169756,0
Crazy What Love Can Do,Various Artists,2023-06-23,169756,0
I’m Good (Blue),Various Artists,2023-06-16,175238,1
I’m Good (Blue),Various Artists,2023-06-16,175238,0
Titanium,Various Artists,2023-06-23,245040,0
I’m Good (Blue),Various Artists,2023-06-23,175238,0
Say My Name,Various Artists,2023-06-23,198946,0
Crazy What Love Can Do,Various Artists,2023-06-16,169756,0
Crazy What Love Can Do,Various Artists,2023-06-23,169756,0
Blast Off,Various Artists,2023-06-23,188840,0
I’m Good (Blue),Various Artists,2023-06-23,175238,0
If You Really Love Me (How Will I Know),Various Artists,2023-06-23,184390,0
Titanium,Various Artists,2023-06-23,245040,0
I’m Good (Blue),Various Artists,2023-06-16,175238,1
Sexy Bitch,Various Artists,2023-06-23,195853,0
I’m Good (Blue),Various Artists,2023-06-23,175238,0
Crazy What Love Can Do,Various Artists,2023-06-23,169756,0
I’m Good (Blue),Various Artists,2023-06-23,175238,0
Crazy What Love Can Do,Various Artists,2023-06-23,169756,0
Memories,Various Artists,2023-06-23,210093,0
I’m Good (Blue),Various Artists,2023-06-23,175238,0
Memories - 2021 Remix,Various Artists,2023-06-23,162992,1
I’m That Bitch,Various Artists,2023-06-23,194626,0
I’m Good (Blue),Various Artists,2023-06-23,175238,0
I’m Good (Blue),Various Artists,2023-06-23,175238,0
Gettin' over You,Various Artists,2023-06-23,188000,0
Titanium,Various Artists,2023-06-23,245040,0
Crazy What Love Can Do,Various Artists,2023-06-23,169756,0
Crazy What Love Can Do,Various Artists,2023-06-23,169756,0
I’m Good (Blue),Various Artists,2023-06-23,175238,0
I’m Good (Blue),Various Artists,2023-06-23,175238,0
I’m Good (Blue),Various Artists,2023-06-23,175238,0
Memories,Various Artists,2023-06-23,210093,1
Crazy What Love Can Do,Various Artists,2023-06-23,169756,0
I’m Good (Blue),Various Artists,2023-06-16,175238,0
Sexy Bitch,Various Artists,2023-06-23,195853,1
Play Hard,Various Artists,2023-06-23,201000,1
I’m Good (Blue),Various Artists,2023-06-23,175238,0
I’m Good (Blue),Various Artists,2023-06-23,175238,0
I’m Good (Blue),Various Artists,2023-06-23,175238,0
Crazy What Love Can Do,Various Artists,2023-06-23,169756,0
Drop Stop Roll,Rainbow Kitten Surprise,2023-04-10,170788,69
Euclid,Sleep Token,2023-05-19,313361,71
I Like You (A Happier Song),Various Artists,2023-06-23,192840,2
"Won’t Back Down (feat. YoungBoy Never Broke Again, Dermot Kennedy & Bailey Zimmerman)",Fast & Furious: The Fast Saga,2023-05-04,163257,75
Orphans - Muzi Remix,Various Artists,2023-06-26,221160,0
The Scientist,Various Artists,2023-06-26,309600,0
Everglow,Various Artists,2023-06-26,282693,0
The View Between Villages,Noah Kahan,2023-06-09,215341,69
We Go Down Together (with Khalid),Dove Cameron,2023-02-10,184963,75
I Wrote The Book,Morgan Wallen,2023-01-31,181766,68
"Diablo, Qué Chimba",Maluma,2023-03-23,232222,77
DEJAU',Rauw Alejandro,2023-01-24,182836,76
I Know - PR1SVX Edit Sped Up,Kanii,2023-03-24,124015,75
While You're At It,Jessie Murph,2023-02-10,127293,71
Fantasy (with GAYLE & Em Beihold),Lauren Spencer Smith,2023-04-14,175090,73
Viva La Vida,Various Artists,2023-06-23,242373,8
Talk,Various Artists,2023-06-23,265586,2
Fix You,Various Artists,2023-06-23,295533,0
Oceans,Various Artists,2023-06-23,321680,2
Higher Power,Various Artists,2023-06-23,211294,1
Us Against the World,Various Artists,2023-06-23,239767,1
Fix You,Various Artists,2023-06-23,295533,0
Paradise,Various Artists,2023-06-23,278719,1
Hymn for the Weekend,Various Artists,2023-06-23,258265,0
Yellow,Various Artists,2023-06-23,266773,0
A Sky Full of Stars,Various Artists,2023-06-23,267866,0
Hymn for the Weekend,Various Artists,2023-06-23,258265,0
X&Y,Various Artists,2023-06-26,274175,0
Viva La Vida,Various Artists,2023-06-23,242373,0
Yellow,Various Artists,2023-06-23,266773,0
What If,Various Artists,2023-06-26,298519,0
The Scientist,Various Artists,2023-06-23,309600,0
Everglow,Various Artists,2023-06-16,227506,0
